{
  "train_loss": [
    0.5228133237104853,
    0.20688514972150807,
    0.14594676059813833,
    0.12870996225113174,
    0.14442955188433115,
    0.14838504973608208,
    0.11417694649385474,
    0.08858800734270293
  ],
  "train_acc": [
    0.813477088948787,
    0.9347708894878706,
    0.9547169811320755,
    0.9563342318059299,
    0.9504043126684636,
    0.9487870619946092,
    0.9665768194070081,
    0.9714285714285714
  ],
  "val_loss": [
    0.21774761859447725,
    0.21112925168727675,
    0.2307640419852349,
    0.20866936228929028,
    0.188993607557589,
    0.17467052129007155,
    0.29467234644858586,
    0.17559696068506567
  ],
  "val_acc": [
    0.9354838709677419,
    0.9274193548387096,
    0.9516129032258065,
    0.9193548387096774,
    0.9475806451612904,
    0.9475806451612904,
    0.9193548387096774,
    0.9475806451612904
  ]
}